-- phpMyAdmin SQL Dump
-- version 4.8.5
-- https://www.phpmyadmin.net/
--
-- Хост: 127.0.0.1:3306
-- Время создания: Ноя 05 2019 г., 10:03
-- Версия сервера: 8.0.15
-- Версия PHP: 7.3.2

SET SQL_MODE = "NO_AUTO_VALUE_ON_ZERO";
SET AUTOCOMMIT = 0;
START TRANSACTION;
SET time_zone = "+00:00";


/*!40101 SET @OLD_CHARACTER_SET_CLIENT=@@CHARACTER_SET_CLIENT */;
/*!40101 SET @OLD_CHARACTER_SET_RESULTS=@@CHARACTER_SET_RESULTS */;
/*!40101 SET @OLD_COLLATION_CONNECTION=@@COLLATION_CONNECTION */;
/*!40101 SET NAMES utf8mb4 */;

--
-- База данных: `yii2advanced`
--

-- --------------------------------------------------------

--
-- Структура таблицы `category`
--

CREATE TABLE `category` (
  `category_id` int(11) NOT NULL,
  `parent_id` int(11) NOT NULL,
  `name` varchar(255) NOT NULL,
  `description` text NOT NULL,
  `image` varchar(255) NOT NULL
) ENGINE=InnoDB DEFAULT CHARSET=utf8;

--
-- Дамп данных таблицы `category`
--

INSERT INTO `category` (`category_id`, `parent_id`, `name`, `description`, `image`) VALUES
(1, 0, 'Конструктори', 'Конструктор - корисна і захоплююча для дітей іграшка, ідеальний вибір, як для хлопчиків, так і для дівчаток. Збираючи різні конструкції, вони допомагають дітям навчатися, досліджувати і створювати постійно нові моделі.', '7b74a0981c6ab8d75f77463bce0f7e72.jpg'),
(2, 0, 'Машинки', 'Кожен хлопчик мріє про машинку, з якою він може грати цілими днями: дитячі машинки-каталки, машинки-штовхачі, мотоцикли, автомобілі, поніцикли, толокари, ролоцикли. ', '8d320d803aaf322d13a730076d92a61c.jpg'),
(3, 0, 'Настільні ігри', 'Настільні ігри - це можливість повернутись до живого спілкування, разом весело і з користю провести час. Вони допоможуть розкрити таланти малюка, оскільки найбільш ефективним є навчання через гру. Настільні ігри наповнені приємними сюрпризами та непередбачуваними поворотами.', '4267c694dd20a0728a7fbe2839e52a76.jpg'),
(4, 0, 'Дитячі іграшки для малюків', 'Від правильного вибору іграшки залежить подальше гармонійний розвиток новонародженого. Важливим критерієм пошуку іграшки для малюків в першу чергу служить її якість і безпека матеріалу, з якого вона виконана. Не варто забувати і про яскравість, барвистість і звучання обраної вами іграшки. Мелодійне звучання і приємні кольори більше сподобається вашому малюкові, ніж грубий різкий звук або строкатий колір, здатний негативно позначитися на розвитку новонародженого. Саме тому так важливо правильно зробити вибір.', '3ac0ceca9db1e70529f38b4972bbfdb0.jpg'),
(5, 3, 'Розвиваючі настільні ігри', 'Багато батьків помилково вважають, що розвиваючі настільні ігри - це марна трата часу і грошей. Фахівці стверджують, що це чудовий інструмент для розвитку малюка будь-якого віку: сприяє тренінгу логіки і пам\'яті, дрібної моторики і спритності пальців. З їх допомогою діти пізнають навколишній світ і весело проводять час разом з ровесниками і рідними. Завдяки широкій різноманітності представлених комплектів, на нашому сайті ви зможете підібрати гру для дитини будь-якого віку.', ''),
(6, 3, 'Інтелектуальні ігри', 'Бажаєте, щоб ваша дитина росла, розвиваючи свій потенціал? Можливість купити настільні ігри допоможе розкрити таланти вашого малюка.Всі провідні психологи згодні з тим, що найбільш ефективним є навчання через гру. У нашому магазині ви можете знайти настільні ігри для дітей і дорослих будь-якого віку за дуже доступною ціною.', ''),
(7, 1, 'Конструктори LEGO', 'Популярні на п\'яти континентах конструктори датської компанії LEGO з\'явилися завдяки Оле Кірку Крістіансеном. Талановитий підприємець і люблячий батько уважно спостерігав за іграми своїх дітей і втілював фантазії малюків в дерев\'яних іграшках. Згодом кубики з дерева замінили оригінальні цеглинки із пластику, які згодом стали візитною карткою LEGO.', ''),
(8, 1, 'Класичні конструктори', 'Вчені та психологи сходяться на думці, що складно знайти таку ж універсальну і корисну іграшку, як дитячий класичний конструктор. За допомогою дерев\'яних, пластикових або металевих деталей дитина може побудувати високу вежу, зібрати машину, скласти слона або літак, дотримуючись інструкції або відмовившись від шаблонів. Блокові набори відкривають перед малюком світ фантазії і дозволяють відступити від заданих схем і встановлених правил. Класичний конструктор для дітей - своєрідний тренажер, який допомагає набути необхідних навичок і прискорити природний розвиток малюка.', ''),
(9, 3, 'Пазли', 'Головоломки - захоплююча розвага і корисне сімейне проведення часу. Збірка окремих елементів в єдину картинку захоплює маленьких і дорослих. Психологи вбачають у пазлах для малюків ідеальну гімнастику для мозку. Головоломки розвивають творчі задатки дитини, проникливість, терпіння і вміння концентруватися. Вони вчать наполегливості в досягненні мети і зосередженості на поставленому завданню, тренують точність рухів, логіку і навички візуального аналізу.', ''),
(10, 1, 'Набори для моделювання', 'Збірні масштабні моделі - складне, цікаве і кропітке хобі, яке чудово підходить посидючим дітям, що люблять пізнавати дозвілля.', ''),
(11, 2, 'Будівельна техніка', 'Дитяча техніка - це категорія, що включає величезну кількість продуктів. З ними дитина зможе не просто ганяти машинку по килиму, а й розігрувати рольові сюжети: будувати, зводити і придумувати історії. Таку іграшку зручно взяти з собою в сад, до бабусі, на пляж, а також на ігровий майданчик.', ''),
(12, 2, 'Міська техніка', 'Абсолютна більшість хлопчиків не проходять байдуже повз іграшкову міську техніку. Захоплений погляд дитини дає зрозуміти, що маленька копія пожежної машини, підйомного крана або екскаватора - завжди бажаний подарунок. Така іграшка допоможе хлопчикові приміряти на себе різні професії і зануритися в світ велетенських машин.', ''),
(13, 2, 'Автотреки', '', ''),
(14, 4, 'Розвивальні іграшки', 'Майже будь-яка іграшка в руках малюка або підлітка стає розвиваючою. Граючи, діти вдосконалюють навички, формують вміння і розширюють кругозір. Адже ігрові набори, м\'які звірятка, роботи і автомобілі мають яскравий і привабливий вигляд. Із ними так цікаво пізнавати довкілля, тому розвиваюча іграшка вчить непомітно й ненав\'язливо.', ''),
(15, 4, 'Дерев\'яні іграшки', 'Необхідним атрибутом гри і гармонійного розвитку малюка є дерев\'яні іграшки. Виконані з натуральних природних матеріалів, дерев\'яні іграшки абсолютно безпечні для вашого малюка.', ''),
(16, 1, 'Дерев\'яні конструктори', 'Дитячий дерев\'яний конструктор - це чудовий подарунок будь-якій дитині у віці від одного до тринадцяти років. Зараз існує величезна кількість різновидів подібних іграшок, серед яких є як найпростіші навчальні ігри для малюків найніжнішого віку, так і цікаві і складні конструкції для старших дітей, з якими буде цікаво побавитися навіть дорослій людині.', ''),
(17, 14, 'Інтерактивні іграшки-тваринки', 'Розвиваючі іграшки для дітей здатні розважити і надихнути на творчість будь-яку дитину. Малюкам до року буде корисна продукція, яка сприяє формуванню конкретних предметних навичок. Серед найбільш популярних розвиваючих іграшок для дітей до року в Україні — музичні мобілі й різнокольорові підвісні фігурки. Рух м\'яких або пластикових пупсів, звірів і предметів по колу під мелодійну дитячу пісеньку розвиває слух і зір. Обираючи першу розвиваючу карусель в інтернет-магазині, пам\'ятайте, що фігурки мають бути об\'ємними і в міру яскравими, а звуки — неголосними і приємними.', ''),
(18, 14, 'Інтерактивні ігрові набори', '', '');

-- --------------------------------------------------------

--
-- Структура таблицы `category_product`
--

CREATE TABLE `category_product` (
  `category_id` int(11) NOT NULL,
  `product_id` int(11) NOT NULL
) ENGINE=InnoDB DEFAULT CHARSET=utf8;

--
-- Дамп данных таблицы `category_product`
--

INSERT INTO `category_product` (`category_id`, `product_id`) VALUES
(1, 1),
(1, 2),
(2, 3),
(2, 4),
(3, 5),
(3, 6),
(14, 7),
(14, 8);

-- --------------------------------------------------------

--
-- Структура таблицы `manufacturer`
--

CREATE TABLE `manufacturer` (
  `manufacturer_id` int(11) NOT NULL,
  `name` varchar(255) NOT NULL,
  `image` varchar(255) NOT NULL
) ENGINE=InnoDB DEFAULT CHARSET=utf8;

--
-- Дамп данных таблицы `manufacturer`
--

INSERT INTO `manufacturer` (`manufacturer_id`, `name`, `image`) VALUES
(1, 'LEGO', ''),
(2, 'Can Xin Long', ''),
(3, 'WADER', ''),
(4, 'Djeco', ''),
(5, 'Hape', '');

-- --------------------------------------------------------

--
-- Структура таблицы `migration`
--

CREATE TABLE `migration` (
  `version` varchar(180) NOT NULL,
  `apply_time` int(11) DEFAULT NULL
) ENGINE=InnoDB DEFAULT CHARSET=utf8;

--
-- Дамп данных таблицы `migration`
--

INSERT INTO `migration` (`version`, `apply_time`) VALUES
('m000000_000000_base', 1569309315),
('m130524_201442_init', 1569309651),
('m190124_110200_add_verification_token_column_to_user_table', 1569309652);

-- --------------------------------------------------------

--
-- Структура таблицы `product`
--

CREATE TABLE `product` (
  `product_id` int(11) NOT NULL,
  `name` varchar(255) NOT NULL,
  `manufacturer_id` int(11) NOT NULL,
  `short_description` varchar(255) NOT NULL,
  `description` text NOT NULL,
  `image` varchar(255) NOT NULL,
  `price` decimal(15,4) NOT NULL
) ENGINE=InnoDB DEFAULT CHARSET=utf8;

--
-- Дамп данных таблицы `product`
--

INSERT INTO `product` (`product_id`, `name`, `manufacturer_id`, `short_description`, `description`, `image`, `price`) VALUES
(1, 'Конструктор \"Фермерський ринок\"', 1, 'Чудова ілюстрація ринкових відносин, фінансових взаємозвязків та професійних особливостей', 'Серія DUPLO розроблена спеціально для самих маленьких почитателей конструкторів і актуальна для дітей старше півтора років. Мастера легендарного бренда LEGO, що обріло величезну популярність в різних куточках планет, пропонують звернути увагу на \"Фермерський ринок\", який складається з 26 деталей. Набор 10816 - відмінна ілюстрація ринкових відносин, фінансових взаємозв\'язків та професійних особливостей. Іграя в продавця або покупця, дитина пойме особливості соціальних ролей. Несмотря на невелику кількість елементів конструктор відрізняється безліччю цікавих деталей. Набір передбачає наявність одномісної машини яскравого жовтого кольору, повного ящика з яблоками, овочів, касового апарату та навіть крохотної птички. Так само в колекції непоседа з\'являється три нові мініфігурки.', '', '549.0000'),
(2, 'Конструктор \"Бемц\"', 1, 'Мощний позашляховик від LEGO - відмінний презент, який подарує дітям масу позитивних емоцій від збирання та гри з авто.', 'Мощний позашляховик від LEGO - відмінний презент, який подарує дітям масу позитивних емоцій від збирання та гри з авто. Інерційна модель складається з 139 деталей, тому над її створенням доведеться добре потрудитися. Авто відрізняється уважно розробленим ефектним дизайном, який поєднує яскраві акценти та масивні деталі. Конструкція позашляховика не тільки практична, але й функціональна. Завдяки великим колесам машина може їздити навіть самої екстремальної поверхні. Щоб модель виглядала ще більш привабливою, майстри бренда пропонують прикрасити її викликаючими наклейками. Єдинственная попередження - при сильному зіткненні з бампером спрацьовує функція \"вибуху\" мотора. Конструктор актуальний для дітей старше семи років.', '', '479.0000'),
(3, 'Ігровий набір \"Робоча машинка\", самоскид', 2, 'Колекція міні-техніки для будівництва сподобається будь-якому хлопчикові.', 'Колекція міні-техніки для будівництва сподобається будь-якому хлопчикові. Самоскид, бетономішалка, екскаватор, асфальтоукладальник, навантажувач, бульдозер легко поміщаються в кишеню і супроводжують маленького інженера на прогулянках і в подорожах. Міні-автомобілі з міцного пластику легко поміщаються в кишеню. Кожна машинка має рухливі деталі. Вік: з 18 місяців Матеріал: пластик Розміри: 19х27х7 см Комплектація: 8 машинок Виробник: Huile Toys Зроблено в: Китай', '', '391.0000'),
(4, 'Авто \"City Truck\", пожежна машина', 3, 'Коли в іграшковому світі вашої дитини виникають незаплановані ситуації, пожежна машина City Truck вступає в справу.', 'Коли в іграшковому світі вашої дитини виникають незаплановані прошествия, а хтось із солдатиків або роботів потребує термінової підмогу, пожежна машина City Truck вступає в справу. Вона із задоволенням буде виїжджати на завдання, рятувати жителів вигаданого містечка і наводити порядок на його вулицях. Ця красива, виготовлена ​​з якісного поліпропілену модель від бренду Wader виглядає дуже яскраво і реалістично - увагу привертають тематичні жовті і червоні кольори, які вигідно контрастують з великими чорними колесами. Крізь переднє і бічні вікна чітко проглядається деталізований салон зі зручними кріслами для водія і його помічника, а над кабіною і кузовом гордо височить спеціальна сходи для рятувальних робіт на висоті. Бавлячись цією іграшкою, хлопчик буде не тільки весело проводити час, а й розвиватися, дізнаватися нові для себе факти з пожежної тематики і то, як влаштована подібного роду техніка. Вік: від 3 років Матеріал: поліпропілен Розміри: 45 х 22 х 19 см Комплектація: автомобіль Виробник: Wader Зроблено в: Польща', '', '429.0000'),
(5, 'Гра \"Великі джунглі\"', 4, 'У гру можуть грати одночасно від 2-5 чоловік. Сеанс гри 15 хв. Мета гри: Для мишок: зібрати всі 10 шматочків сиру. ', 'У гру можуть грати одночасно від 2-5 чоловік. Сеанс гри 15 хв. Мета гри: Для мишок: зібрати всі 10 шматочків сиру. Для кішки: спіймати всіх чотирьох мишок, поки вони не зібрали весь сир. Партію виграє той, хто першим виконав своє завдання. Вік: з 6 років Розмір: 30х28х4 см Матеріал: картон Комплектація: 1 ігрове поле \"кухня\" 1 стіл, 4 фігурки мишки, 1 фігурка кішки, 2 кубика, 38 карток \"плитка\", 4 картки \"норка\" Виробник: Djeco Зроблено в : Франція', '', '662.0000'),
(6, 'Настільна гра \"Чоп Чоп\"', 4, 'У гру можуть грати одночасно від 2-5 чоловік. Сеанс гри 15 хв. Мета гри: Для мишок: зібрати всі 10 шматочків сиру.', 'У гру можуть грати одночасно від 2-5 чоловік. Сеанс гри 15 хв. Мета гри: Для мишок: зібрати всі 10 шматочків сиру. Для кішки: спіймати всіх чотирьох мишок, поки вони не зібрали весь сир. Партію виграє той, хто першим виконав своє завдання. Вік: з 6 років Розмір: 30х28х4 см Матеріал: картон Комплектація: 1 ігрове поле \"кухня\" 1 стіл, 4 фігурки мишки, 1 фігурка кішки, 2 кубика, 38 карток \"плитка\", 4 картки \"норка\" Виробник: Djeco Зроблено в : Франція', '', '866.0000'),
(7, 'Ксилофон', 5, 'Іграшки у вигляді різноманітних музичних інструментів дуже корисні і користуються великою популярністю серед малечі.', 'Іграшки у вигляді різноманітних музичних інструментів дуже корисні і користуються великою популярністю серед малечі. Всесвітньо відома німецька корпорація Bino виробляє чудові дитячі іграшки, для яких характерний власний фірмовий дизайн, європейські стандарти якості і багатофункціональність. Фахівцями фірми була розроблена ціла серія іграшок музичної спрямованості і однією з найяскравіших моделей є нескладний, однак, дуже ефектний «Ксилофон». Кожна з дванадцяти клавіш має свій власний колір, розмір і характер звучання. Грати на «ксилофон» дитина зможе за допомогою пари паличок з булавою на кінці. Розмір іграшки становить всього 33х21х3,3 сантиметрів, що дозволяє брати її з собою в дитячий садок, на пікнік або прогулянку. Для виробництва музичного інструменту було використано приємне на дотик натуральне дерево, що не володіє токсичними властивостями. Покрита іграшка яскравими не завдають шкоди довкіллю фарбами, а укріплений «Ксилофон» якісними металевими вставками. Найцікавішою представлена ​​модель буде для хлопчиків і дівчаток віком від трьох років, які проявляють інтерес до творчості. Гра на такому музичному інструменті розвиває слух, моторику, уяву, пам\'ять, координацію рух і розширює свідомість малюка. Розміри: 33x21,5x3,5 см Вік: 3+ Матеріал: дерево, метал Виробник: Bino (Німеччина) Зроблено в: Німеччина Комплектація: ксилофон, дві палички для гри Артикул: 86554', '', '447.0000'),
(8, 'Гітара 4 струни \"Kulele\"', 5, 'Гітара бренду Shantou - прекрасний сюрприз для активного малюка старше 3-х років.', 'Гітара бренду Shantou - прекрасний сюрприз для активного малюка старше 3-х років. Виготовлена ​​з міцного і безпечного для здоров\'я матеріалу, вона прикрашена зображеннями мультяшних героїв, які обумовили її привабливість для дошкільнят. Такий чотириструнний музичний інструмент, безумовно, дарує чудовий настрій. За допомогою іграшки можна освоювати ази гри на гітарі, уявляючи себе популярним виконавцем, виступаючим на великій сцені і насолоджується нескінченними оплесками. Вік: від 3 років Матеріал: пластик Розміри: 23х61,5х9 см Комплектація: гітара Виробник: Shantou Зроблено в: Китай', '', '217.0000');

-- --------------------------------------------------------

--
-- Структура таблицы `user`
--

CREATE TABLE `user` (
  `id` int(11) NOT NULL,
  `username` varchar(255) COLLATE utf8_unicode_ci NOT NULL,
  `auth_key` varchar(32) COLLATE utf8_unicode_ci NOT NULL,
  `password_hash` varchar(255) COLLATE utf8_unicode_ci NOT NULL,
  `password_reset_token` varchar(255) COLLATE utf8_unicode_ci DEFAULT NULL,
  `email` varchar(255) COLLATE utf8_unicode_ci NOT NULL,
  `status` smallint(6) NOT NULL DEFAULT '10',
  `created_at` int(11) NOT NULL,
  `updated_at` int(11) NOT NULL,
  `verification_token` varchar(255) COLLATE utf8_unicode_ci DEFAULT NULL,
  `firstname` varchar(64) COLLATE utf8_unicode_ci NOT NULL,
  `lastname` varchar(64) COLLATE utf8_unicode_ci NOT NULL
) ENGINE=InnoDB DEFAULT CHARSET=utf8 COLLATE=utf8_unicode_ci;

--
-- Дамп данных таблицы `user`
--

INSERT INTO `user` (`id`, `username`, `auth_key`, `password_hash`, `password_reset_token`, `email`, `status`, `created_at`, `updated_at`, `verification_token`, `firstname`, `lastname`) VALUES
(2, 'LMax', 'pUXKemv-pfAXVc1i_cBYQzKMJZgVW4zV', '$2y$13$gNfHB76dlT07cK/.8Thq9ehq0YB5J8KSkMrL2VdoNpmocbPxfnxam', NULL, 'lapiy-max@ukr.net', 10, 1569310037, 1569310037, '', '', ''),
(3, 'Maxim', 'DdZfLgLzrhPCyd5uAsDtDggihPGIjYB_', '$2y$13$hXJSpA5gjKqmdsa7nhe9QOwWz6URmDyx.GH53QDtXCoIS5nOw6rmy', NULL, 'lapiy.max2014@gmail.com', 9, 1569311344, 1569311344, 'FYbT7OdbctZyzRa1JdwchJj9zUarB4dD_1569311344', 'Max', 'Lapiy'),
(4, 'Bremse', 'jqiu2wpFeDW6iRPYiyQWzS-5MTKeo9OB', '$2y$13$h39d3qpDRLBTTWrCxoe4AuodYbU8hgZUrzFWIhoMqti/BslHjIshS', NULL, 'lapiy.max@mail.ru', 9, 1569311443, 1569311443, 'h0UBitubQK1yPpdZ6W8OiyiyU4XukGWO_1569311443', 'Max', 'Lapiy');

--
-- Индексы сохранённых таблиц
--

--
-- Индексы таблицы `category`
--
ALTER TABLE `category`
  ADD PRIMARY KEY (`category_id`),
  ADD KEY `parent_id` (`parent_id`);

--
-- Индексы таблицы `category_product`
--
ALTER TABLE `category_product`
  ADD KEY `product_id` (`product_id`,`category_id`),
  ADD KEY `category_id` (`category_id`);

--
-- Индексы таблицы `manufacturer`
--
ALTER TABLE `manufacturer`
  ADD PRIMARY KEY (`manufacturer_id`);

--
-- Индексы таблицы `migration`
--
ALTER TABLE `migration`
  ADD PRIMARY KEY (`version`);

--
-- Индексы таблицы `product`
--
ALTER TABLE `product`
  ADD PRIMARY KEY (`product_id`),
  ADD KEY `manufacturer_id` (`manufacturer_id`);

--
-- Индексы таблицы `user`
--
ALTER TABLE `user`
  ADD PRIMARY KEY (`id`),
  ADD UNIQUE KEY `username` (`username`),
  ADD UNIQUE KEY `email` (`email`),
  ADD UNIQUE KEY `password_reset_token` (`password_reset_token`);

--
-- AUTO_INCREMENT для сохранённых таблиц
--

--
-- AUTO_INCREMENT для таблицы `category`
--
ALTER TABLE `category`
  MODIFY `category_id` int(11) NOT NULL AUTO_INCREMENT, AUTO_INCREMENT=19;

--
-- AUTO_INCREMENT для таблицы `manufacturer`
--
ALTER TABLE `manufacturer`
  MODIFY `manufacturer_id` int(11) NOT NULL AUTO_INCREMENT, AUTO_INCREMENT=6;

--
-- AUTO_INCREMENT для таблицы `product`
--
ALTER TABLE `product`
  MODIFY `product_id` int(11) NOT NULL AUTO_INCREMENT, AUTO_INCREMENT=9;

--
-- AUTO_INCREMENT для таблицы `user`
--
ALTER TABLE `user`
  MODIFY `id` int(11) NOT NULL AUTO_INCREMENT, AUTO_INCREMENT=5;

--
-- Ограничения внешнего ключа сохраненных таблиц
--

--
-- Ограничения внешнего ключа таблицы `category_product`
--
ALTER TABLE `category_product`
  ADD CONSTRAINT `category_product_ibfk_1` FOREIGN KEY (`category_id`) REFERENCES `category` (`category_id`),
  ADD CONSTRAINT `category_product_ibfk_2` FOREIGN KEY (`product_id`) REFERENCES `product` (`product_id`);
COMMIT;

/*!40101 SET CHARACTER_SET_CLIENT=@OLD_CHARACTER_SET_CLIENT */;
/*!40101 SET CHARACTER_SET_RESULTS=@OLD_CHARACTER_SET_RESULTS */;
/*!40101 SET COLLATION_CONNECTION=@OLD_COLLATION_CONNECTION */;
